[{ "_id": 123, "topic": "Space", "userName": "SpaceX",
   "title": "Tesla CyberTruck lands on Mars and picks up the Curiosity rover on its 6' bed",
   "time": "2h",   "image": "tesla.png", "liked": true,
   "replies": 123,
   "retuits": 432,
   "likes": 2345,
   "handle": "@spacex",
   "tuit": "You want to wake up in the morning and think the future is going to be great - and that’s what being a spacefaring civilization is all about. It’s about believing in the future and thinking that the future will be better than the past. And I can’t think of anything more exciting than going out there and being among the stars"
 },
 { "_id": 234, "topic": "Space",   "userName": "SpaceX",
   "title": "100s of SpaceX Starships land on Mars after a 6 month journey. 1000s of Martian colonists being building Mars Base 1",
   "time": "2h",   "image": "spacex.png", "liked": true,
   "replies": 143,
   "retuits": 432,
   "likes": 2345,
   "handle": "@spacex",
   "tuit": "I don't understand the purpose of the title attribute anymore"
 },
 { "_id": 345, "topic": "Energy",  "userName": "Tesla",
   "title": "Tesla FSD finally makes driving obsolete. After years of delay, Tesla Full Self Driving can drive you to work while you work, play, or sleep",
   "time": "4d",   "image": "tesla.png", "liked": true,
   "replies": 123,
   "retuits": 432,
   "likes": 2347,
   "handle": "@spacex",
   "tuit": "This is another Tuit"
 }
]
